keywords,,,,
fortnite,,,,
minecraft,,,,
gta,,,,
pubg,,,,
pokemon,,,,
mario,,,,
warcraft,,,,
skyrim,,,,
nba2k,,,,
zelda,,,,
skywars,,,,
dragon,ball,,,
clash,of,clans,,
clash,royale,,,
super,mario,,,
modern,warfare,,,
league,of,legend,,
mortal,kombat,,,
black,ops,,,
brawl,stars,,,
nba,2k,,,
rainbow,six,,,
fifa,ultimate,,,
final,fantasy,,,
world,of,warcraft,,
resident,evil,,,
apex,legend,,,
madden,ultimate,,,
far,cry,,,
world,tank,,,
dark,soul,,,
batman,arkham,,,
street,fighter,,,
forza,horizon,,,
star,war,battlefront,,
counter,strike,,,
ark,survival,evolved,,
five,nights,at,freddy's,
angry,bird,,,
hypixel,skyblock,,,
kingdom,heart,,,
tom,clancy,,,
assassin,creed,,,
madden,nfl,,,
smash,bros,,,
candy,crush,,,
metal,gear,solid,,
mario,maker,,,
mario,kart,,,
legend,zelda,,,
monster,hunter,,,
tomb,raider,,,
mlb,show,,,
euro,truck,,,
pixel,gun,,,
madden,mobile,,,
disney,infinity,,,
garry's,mode,,,
warface,,,,
block,strike,,,
ultimate,ninja,storm,,
star,citizen,,,
point,blank,,,
arkham,knight,,,
wwe,2k,,,
wwe2k,,,,
football,manager,,,
left,for,dead,,
Naruto,Shippuden,,,
boom,beach,,,
rockstar,games,,,
crash,bandicoot,,,
donkey,kong,,,
pase,elite,,,
pro,evolution,,,
evolution,soccer,,,
subway,surfer,,,
devil,may,cry,,
dead,by,daylight,,
dead,space,,,
fire,emblem,,,
pvp,,,,
grand,theft,auto,,
red,dead,redemption,,
gta,,,,
assassin's,creed,,,
call,of,duty,,
nba,2k,,,
madden,ultimate,team,,
black,ops,,,
ps4,,,,
xbox,,,,
modern,warfare,,,
dream,league,soccer,,
dragon,ball,,,
plant,vs,zombie,,
ark,survival,,,
mortal,kombat,,,
playstation,,,,
brawl,star,,,
pubg,,,,
skin,gratis,,,
super,smash,bros,,
tom,clancy,,,
pixel,gun,3d,,
truck,simulator,,,
playerunknown's,battleground,,,
batman,arkham,,,
horizon,zero,dawn,,
zelda,,,,
ninja,storm,,,
last,day,on ,earth,survival
dragon,age,,,
naruto,shippuden,,,
mass,effect,andromeda,,
witcher,,,,
bleach,brave,soul,,
world,of,tank,,
global,offensive,,,
donkey,kong,,,
sword,art,online,,
marvel,vs.,capcom,,
kingdom,come,deliverance,,
fortbyte,,,,
roblox,,,,
angry ,birds,,,
clash,royale,,,
elder,scroll,,,
candy,crush,saga,,
star,wars,old,republic,
rainbow,six,,,
teammadden,,,,
warface,,,,
psn,,,,
star,war,jedi,fallen,order
shakedown2012,,,,
free,fire,diamante,,
wordscapes,,,,
square,enix,,,
csgo,,,,
sharefactory,,,,
apex,legend,,,
runescape,,,,
forza,horizon,,,
robux,,,,
arma,,,,
rpg,,,,
kingdom,heart,,,
halo,reach,,,
far,cry,,,
rockstar,game,,,
monster,hunter,,,
devil,may,cry,,
fire,emblem,,,
last,of,us,,
god,of,war,,
starcraft,,,,