Keyword,,,
photoshop,tutorial,,
tutorial,photoshop,,
windows,tutorial,,
tutorial,windows,,
youtube,tutorial,,
tutorial,youtube,,
twitter,tutorial,,
tutorial,twitter,,
online,tutorial,,
tutorial,online,,
software,tutorial,,
tutorial,software,,
excel,tutorial,,
tutorial,excel,,
cc,tutorial,,
tutorial,cc,,
tutorial,android,,
android,tutorial,,
pc,tutorial,,
tutorial,pc,,
programming,tutorial,,
tutorial,programming,,
game,tutorial,,
tutorial,game,,
gameplay,tutorial,,
tutorial,gameplay,,
app,tutorial,,
tutorial,app,,
redstone,tutorial,,
tutorial,redstone,,
iphone,tutorial,,
tutorial,iphone,,
website,tutorial,,
tutorial,website,,
dell,tutorial,,
tutorial,dell,,
blog,tutorial,,
tutorial,blog,,
instagram,tutorial,,
tutorial,instagram,,
wordpress,tutorial,,
tutorial,wordpress,,
tutorial,java,
java,tutorial,,
tutorial,adobe,,
adobe,tutorial,,
illustrator,tutorial,,
tutorial,illustrator,,
mac,tutorial,,
tutorial,mac,,
python,tutorial,,
tutorial,python,,
code,tutorial,,
tutorial,code,,
vega,tutorial,,
tutorial,vega,,
lightroom,tutorial,,
tutorial,lightroom,,
3d,tutorial,,
tutorial,3d,,
kinemaster,tutorial,,
tutorial,kinemaster,,
cs6,tutorial,,
tutorial,cs6,,
vi,tutorial,,
tutorial,vi,,
blender,tutorial,,
tutorial,blender,,
tutorial,picsart,,
picsart,tutorial,,
gimp,tutorial,,
tutorial,gimp,,
javascript,tutorial,,
tutorial,javascript,,
powerpoint,tutorial,,
tutorial,powerpoint,,
internet,tutorial,,
tutorial,internet,,
modding,tutorial,,
tutorial,modding,,
screen,tutorial,,
tutorial,screen,,
jailbreak,tutorial,,
tutorial,jailbreak,,
autocad,tutorial,,
tutorial,autocad,,
tutorial,wondershare,,
wondershare,tutorial,,
tutorial,google,,
google,tutorial,,
tutorial,ubuntu,,
ubuntu,tutorial,,
cs,tutorial,,
tutorial,cs,,
cs5,tutorial,,
tutorial,cs5,,
audacity,tutorial,,
tutorial,audacity,,
apps,tutorial,,
tutorial,apps,,
s9+,tutorial,,
tutorial,s9+,,
photo,editing,tutorial,
online,math,tutorial,
premiere,pro,tutorial,
vega,pro,tutorial,
tutorial,boost,fps,
fps,boost,tutorial,
addons,video,tutorial,
pro,x,tutorial,
tutorial,based,softwer,
squad,solo,tutorial,
filmora,tutorial,,
pixel,art,tutorial,
tutorial,dell,,
s7,edge,tutorial,
google+,video,tutorial,
lightroom,mobile,tutorial,
google,chrome,tutorial,
adobe,effect,tutorial,
excel,formuls,tutorial,
tutorial,adobe,premiere,
tutorial,avee,player,
video,tutorial,anime,
tutorial,anime,movie,
logo,design,tutorial,
sql,server,tutorial,
linux,tutorial,,
cricut,tutorial,,
server,video,tutorial,
packtpub.com,video,tutorial,
javaee,tutorial,,
tutorial,javaee,,
texttospeech.io,free,pronunciation,tutorial
mycareer,badge,tutorial,
hopstep,tutorial,,
tutorial,hopstep,,
s6,edge,tutorial,
s8+,tutorial,,
tutorial,s8+,,
glitch,tutorial,,
tutorial,glitch,,
s10,tutorial,,
tutorial,s10,,
web,development,video,tutorial
bitcoin,mining,tutorial,
